Timestamp,Open,High,Low,Close,Volume
2018-01-02,7.25,7.460000038146973,7.239999771118164,6.322146892547607,404126442.0
2018-01-03,7.440000057220459,7.46999979019165,7.400000095367432,6.313626766204834,348984978.0
2018-01-04,7.46999979019165,7.619999885559082,7.460000038146973,6.449953079223633,634437192.0
2018-01-05,7.599999904632568,7.630000114440918,7.550000190734863,6.484035015106201,364650074.0
2018-01-08,7.610000133514404,7.639999866485596,7.519999980926514,6.458473205566406,319174301.0
2018-01-09,7.590000152587891,7.619999885559082,7.539999961853027,6.466994285583496,319619551.0
2018-01-10,7.550000190734863,7.710000038146973,7.53000020980835,6.518116474151611,398473117.0
2018-01-11,7.619999885559082,7.670000076293945,7.590000152587891,6.535157203674316,293150264.0
2018-01-12,7.75,7.78000020980835,7.690000057220459,6.628881931304932,332063973.0
2018-01-15,7.820000171661377,7.949999809265137,7.739999771118164,6.680004119873047,500107413.0
2018-01-16,7.869999885559082,8.130000114440918,7.840000152587891,6.927096366882324,684154934.0
2018-01-17,8.100000381469727,8.199999809265137,8.039999961853027,6.978218078613281,598218919.0
2018-01-18,8.300000190734863,8.4399995803833,8.229999542236328,7.174188613891602,643345879.0
2018-01-19,8.4399995803833,8.479999542236328,8.34000015258789,7.225310325622559,506693104.0
2018-01-22,8.399999618530273,8.479999542236328,8.3100004196167,7.15714693069458,552615389.0
2018-01-23,8.329999923706055,8.800000190734863,8.329999923706055,7.472403049468994,804476473.0
2018-01-24,8.779999732971191,8.789999961853027,8.619999885559082,7.438320636749268,506805148.0
2018-01-25,8.739999771118164,8.739999771118164,8.510000228881836,7.301994800567627,567734687.0
2018-01-26,8.640000343322754,9.079999923706055,8.619999885559082,7.71097469329834,981149841.0
2018-01-29,9.149999618530273,9.390000343322754,8.960000038146973,7.770617485046387,767985586.0
2018-01-30,9.0,9.0600004196167,8.800000190734863,7.549086570739746,680978368.0
2018-01-31,8.859999656677246,9.0600004196167,8.670000076293945,7.685413837432861,652879292.0
2018-02-01,9.109999656677246,9.239999771118164,8.920000076293945,7.608729362487793,495420278.0
2018-02-02,8.850000381469727,8.989999771118164,8.720000267028809,7.625770092010498,525959497.0
2018-02-05,8.600000381469727,9.09000015258789,8.600000381469727,7.6768927574157715,571944075.0
2018-02-06,8.609999656677246,8.789999961853027,8.319999694824219,7.08898401260376,1055788696.0
2018-02-07,8.6899995803833,8.699999809265137,8.100000381469727,6.9015350341796875,909354838.0
2018-02-08,8.229999542236328,8.229999542236328,7.940000057220459,6.884494304656982,686572198.0
2018-02-09,7.760000228881836,7.869999885559082,7.599999904632568,6.577759265899658,961231541.0
2018-02-12,7.800000190734863,7.860000133514404,7.619999885559082,6.569239139556885,509941889.0
2018-02-13,7.889999866485596,7.989999771118164,7.75,6.603320121765137,468793801.0
2018-02-14,7.849999904632568,8.1899995803833,7.809999942779541,6.9015350341796875,533791022.0
2018-02-15,8.300000190734863,8.489999771118164,8.239999771118164,7.225310325622559,522385492.0
2018-02-20,8.5,8.510000228881836,8.25,7.097504138946533,414637298.0
2018-02-21,8.420000076293945,8.600000381469727,8.359999656677246,7.293474197387695,358843456.0
2018-02-22,8.479999542236328,8.489999771118164,8.359999656677246,7.148627281188965,479772102.0
2018-02-23,8.479999542236328,8.550000190734863,8.399999618530273,7.191228866577148,307480597.0
2018-02-26,8.539999961853027,8.619999885559082,8.40999984741211,7.216790676116943,340706853.0
2018-02-27,8.609999656677246,8.609999656677246,8.3100004196167,7.140106678009033,501478452.0
2018-02-28,8.25,8.319999694824219,8.0600004196167,6.944136619567871,503887155.0
2018-03-01,8.069999694824219,8.279999732971191,8.010000228881836,7.003780364990234,437866880.0
2018-03-02,8.079999923706055,8.100000381469727,7.940000057220459,6.816330909729004,828348660.0
2018-03-05,7.949999809265137,7.980000019073486,7.75,6.628881931304932,568971276.0
2018-03-06,7.929999828338623,8.0600004196167,7.829999923706055,6.833372116088867,477478967.0
2018-03-07,7.980000019073486,8.25,7.96999979019165,6.833372116088867,470385565.0
2018-03-08,8.199999809265137,8.199999809265137,8.050000190734863,6.9015350341796875,303070309.0
2018-03-09,8.1899995803833,8.220000267028809,8.109999656677246,6.986739158630371,236188184.0
2018-03-12,8.399999618530273,8.510000228881836,8.319999694824219,7.24235200881958,551332044.0
2018-03-13,8.5,8.720000267028809,8.460000038146973,7.319035530090332,523052696.0
2018-03-14,8.5,8.5,8.350000381469727,7.225310325622559,407125360.0
2018-03-15,8.40999984741211,8.520000457763672,8.350000381469727,7.233830451965332,276157762.0
2018-03-16,8.430000305175781,8.5,8.40999984741211,7.24235200881958,442109248.0
2018-03-19,8.5,8.579999923706055,8.4399995803833,7.250872611999512,275872400.0
2018-03-20,8.5,8.5,8.350000381469727,7.174188613891602,333307458.0
2018-03-21,8.5,8.600000381469727,8.359999656677246,7.165667533874512,320658937.0
2018-03-22,8.470000267028809,8.550000190734863,8.239999771118164,7.046382427215576,331927028.0
2018-03-23,7.909999847412109,8.09000015258789,7.900000095367432,6.893014430999756,557851691.0
2018-03-26,8.09000015258789,8.1899995803833,7.949999809265137,6.978218078613281,341191717.0
2018-03-27,8.350000381469727,8.350000381469727,8.199999809265137,7.0378618240356445,300666458.0
2018-03-28,8.199999809265137,8.319999694824219,8.039999961853027,6.850412368774414,381720282.0
2018-03-29,8.100000381469727,8.170000076293945,7.960000038146973,6.867453575134277,373544634.0
2018-04-03,8.050000190734863,8.140000343322754,7.96999979019165,6.918575763702393,282360967.0
2018-04-04,8.119999885559082,8.15999984741211,7.809999942779541,6.65444278717041,310836582.0
2018-04-06,7.900000095367432,7.989999771118164,7.849999904632568,6.756688117980957,230207450.0
2018-04-09,8.0600004196167,8.09000015258789,7.900000095367432,6.807810306549072,311587422.0
2018-04-10,7.920000076293945,8.220000267028809,7.920000076293945,6.952657222747803,457806728.0
2018-04-11,8.180000305175781,8.25,8.109999656677246,6.927096366882324,365439058.0
2018-04-12,8.220000267028809,8.220000267028809,8.029999732971191,6.918575763702393,203245824.0
2018-04-13,8.229999542236328,8.239999771118164,8.050000190734863,6.961177825927734,228629139.0
2018-04-16,8.170000076293945,8.180000305175781,7.909999847412109,6.799290180206299,393746265.0
2018-04-17,7.929999828338623,8.039999961853027,7.849999904632568,6.722606182098389,335700338.0
2018-04-18,8.079999923706055,8.079999923706055,7.880000114440918,6.799290180206299,301799615.0
2018-04-19,8.039999961853027,8.180000305175781,8.0,6.969698429107666,337182880.0
2018-04-20,8.180000305175781,8.180000305175781,8.020000457763672,6.867453575134277,227840100.0
2018-04-23,8.029999732971191,8.119999885559082,7.989999771118164,6.850412368774414,195582236.0
2018-04-24,8.100000381469727,8.25,8.029999732971191,7.003780364990234,321995774.0
2018-04-25,8.199999809265137,8.199999809265137,8.039999961853027,6.9015350341796875,226387660.0
2018-04-26,8.149999618530273,8.170000076293945,8.0,6.841891765594482,280036411.0
2018-04-27,8.149999618530273,8.149999618530273,8.0,6.884494304656982,212755644.0
2018-04-30,8.149999618530273,8.329999923706055,8.140000343322754,7.08898401260376,327959020.0
2018-05-02,8.319999694824219,8.329999923706055,8.140000343322754,7.012300491333008,236046555.0
2018-05-03,8.109999656677246,8.140000343322754,8.020000457763672,6.884494304656982,304084150.0
2018-05-04,8.029999732971191,8.0600004196167,7.96999979019165,6.807810306549072,325682556.0
2018-05-07,7.989999771118164,8.029999732971191,7.920000076293945,6.799290180206299,220578116.0
2018-05-08,8.0,8.109999656677246,7.96999979019165,6.875973701477051,225080556.0
2018-05-09,8.039999961853027,8.100000381469727,8.020000457763672,6.893014430999756,169434536.0
2018-05-10,8.130000114440918,8.170000076293945,8.050000190734863,6.9015350341796875,182096592.0
2018-05-11,8.180000305175781,8.239999771118164,8.149999618530273,6.986739158630371,252939474.0
2018-05-14,8.289999961853027,8.350000381469727,8.260000228881836,7.114545822143555,319548581.0
2018-05-15,8.430000305175781,8.5,8.260000228881836,7.046382427215576,329033136.0
2018-05-16,8.1899995803833,8.329999923706055,8.15999984741211,7.071943283081055,193639461.0
2018-05-17,8.380000114440918,8.380000114440918,8.15999984741211,6.952657222747803,214609649.0
2018-05-18,8.149999618530273,8.220000267028809,8.100000381469727,6.961177825927734,278111144.0
2018-05-21,8.210000038146973,8.319999694824219,8.180000305175781,6.969698429107666,235285671.0
2018-05-23,8.220000267028809,8.220000267028809,8.050000190734863,6.858933448791504,283508756.0
2018-05-24,8.09000015258789,8.109999656677246,8.029999732971191,6.884494304656982,192995884.0
2018-05-25,8.079999923706055,8.170000076293945,8.079999923706055,6.884494304656982,240872798.0
2018-05-28,8.140000343322754,8.140000343322754,8.050000190734863,6.893014430999756,176651621.0
2018-05-29,8.050000190734863,8.069999694824219,7.949999809265137,6.799290180206299,303054788.0
2018-05-30,7.869999885559082,7.920000076293945,7.800000190734863,6.662963390350342,494907643.0
2018-05-31,7.849999904632568,7.920000076293945,7.809999942779541,6.748167991638184,1042778204.0
2018-06-01,7.949999809265137,7.980000019073486,7.900000095367432,6.782249450683594,406326839.0
2018-06-04,8.0600004196167,8.15999984741211,8.010000228881836,6.944136619567871,363909713.0
2018-06-05,8.149999618530273,8.170000076293945,8.0600004196167,6.944136619567871,248533811.0
2018-06-06,8.180000305175781,8.199999809265137,8.109999656677246,6.935617446899414,236393257.0
2018-06-07,8.229999542236328,8.279999732971191,8.170000076293945,7.029341220855713,370289926.0
2018-06-08,8.25,8.25,8.050000190734863,6.884494304656982,278292795.0
2018-06-11,8.09000015258789,8.100000381469727,8.020000457763672,6.867453575134277,217285356.0
2018-06-12,8.020000457763672,8.130000114440918,8.0,6.867453575134277,200255902.0
2018-06-13,8.010000228881836,8.039999961853027,7.949999809265137,6.782249450683594,304506575.0
2018-06-14,7.900000095367432,7.940000057220459,7.849999904632568,6.705565452575684,420736710.0
2018-06-15,7.849999904632568,7.880000114440918,7.789999961853027,6.637402534484863,590344274.0
2018-06-19,7.53000020980835,7.699999809265137,7.5,6.432912349700928,659238783.0
2018-06-20,7.559999942779541,7.630000114440918,7.449999809265137,6.415871620178223,465261064.0
2018-06-21,7.579999923706055,7.630000114440918,7.380000114440918,6.322146892547607,480129352.0
2018-06-22,7.389999866485596,7.420000076293945,7.329999923706055,6.288065433502197,408772480.0
2018-06-25,7.300000190734863,7.440000057220459,7.28000020980835,6.228422164916992,470804764.0
2018-06-26,7.300000190734863,7.360000133514404,7.199999809265137,6.219902038574219,433802737.0
2018-06-27,7.320000171661377,7.340000152587891,7.110000133514404,6.066534519195557,429255610.0
2018-06-28,7.139999866485596,7.139999866485596,7.0,6.032452583312988,484801714.0
2018-06-29,7.010000228881836,7.260000228881836,7.010000228881836,6.177299976348877,450558398.0
2018-07-03,7.059999942779541,7.150000095367432,6.949999809265137,6.058013916015625,663830389.0
2018-07-04,7.099999904632568,7.190000057220459,7.03000020980835,6.00689172744751,376235821.0
2018-07-05,7.050000190734863,7.210000038146973,7.03000020980835,6.066534519195557,392735141.0
2018-07-06,7.130000114440918,7.28000020980835,7.059999942779541,6.092095375061035,421525950.0
2018-07-09,6.900000095367432,7.03000020980835,6.880000114440918,6.213093280792236,302893950.0
2018-07-10,6.960000038146973,7.050000190734863,6.949999809265137,6.257856369018555,277025147.0
2018-07-11,6.78000020980835,6.869999885559082,6.769999980926514,6.1325201988220215,419335439.0
2018-07-12,6.829999923706055,7.050000190734863,6.820000171661377,6.2220458984375,426473645.0
2018-07-13,7.03000020980835,7.050000190734863,6.920000076293945,6.2220458984375,241877972.0
2018-07-16,6.920000076293945,7.0,6.849999904632568,6.195188522338867,227891917.0
2018-07-17,6.869999885559082,6.889999866485596,6.769999980926514,6.0788044929504395,281373159.0
2018-07-18,6.849999904632568,6.920000076293945,6.769999980926514,6.069851875305176,264449454.0
2018-07-19,6.829999923706055,6.840000152587891,6.699999809265137,5.998231410980225,291155565.0
2018-07-20,6.690000057220459,6.940000057220459,6.610000133514404,6.141472816467285,524505493.0
2018-07-23,6.889999866485596,7.039999961853027,6.829999923706055,6.195188522338867,468680487.0
2018-07-24,6.940000057220459,7.199999809265137,6.929999828338623,6.392145156860352,591469102.0
2018-07-25,7.289999961853027,7.289999961853027,7.150000095367432,6.43690824508667,272901479.0
2018-07-26,7.25,7.260000228881836,7.050000190734863,6.401097297668457,280028284.0
2018-07-27,7.159999847412109,7.179999828338623,7.050000190734863,6.3652873039245605,242032162.0
2018-07-30,7.050000190734863,7.179999828338623,7.050000190734863,6.374239921569824,202038697.0
2018-07-31,7.059999942779541,7.139999866485596,7.019999980926514,6.3652873039245605,276853883.0
2018-08-01,7.170000076293945,7.21999979019165,7.019999980926514,6.329476833343506,279532339.0
2018-08-02,7.0,7.050000190734863,6.860000133514404,6.2041401863098145,364506267.0
2018-08-03,6.900000095367432,6.96999979019165,6.840000152587891,6.2220458984375,279228506.0
2018-08-06,7.0,7.050000190734863,6.929999828338623,6.248903751373291,210997194.0
2018-08-07,7.0,7.070000171661377,6.960000038146973,6.3205246925354,240441620.0
2018-08-08,7.099999904632568,7.099999904632568,6.96999979019165,6.293666839599609,322749156.0
2018-08-09,7.0,7.139999866485596,6.96999979019165,6.347382068634033,290529697.0
2018-08-10,7.079999923706055,7.110000133514404,7.0,6.2847137451171875,159497373.0
2018-08-13,6.869999885559082,6.96999979019165,6.869999885559082,6.2041401863098145,259079773.0
2018-08-14,6.96999979019165,6.96999979019165,6.849999904632568,6.186235427856445,210324656.0
2018-08-15,6.909999847412109,6.920000076293945,6.75,6.0788044929504395,384262111.0
2018-08-16,6.659999847412109,6.869999885559082,6.659999847412109,6.042994499206543,306680710.0
2018-08-17,6.829999923706055,6.849999904632568,6.710000038146973,6.0788044929504395,213035363.0
2018-08-20,6.760000228881836,6.889999866485596,6.760000228881836,6.123567581176758,227712817.0
2018-08-21,6.840000152587891,6.889999866485596,6.829999923706055,6.168330192565918,229640415.0
2018-08-22,6.880000114440918,6.960000038146973,6.809999942779541,6.213093280792236,198314377.0
2018-08-23,6.96999979019165,6.96999979019165,6.849999904632568,6.2041401863098145,218166241.0
2018-08-24,6.860000133514404,6.989999771118164,6.849999904632568,6.186235427856445,195798832.0
2018-08-27,7.0,7.130000114440918,6.96999979019165,6.3652873039245605,367455549.0
2018-08-28,7.179999828338623,7.199999809265137,7.039999961853027,6.3652873039245605,333862932.0
2018-08-29,7.070000171661377,7.099999904632568,7.0,6.347382068634033,249691665.0
2018-08-30,7.150000095367432,7.150000095367432,6.960000038146973,6.26680850982666,208132119.0
2018-08-31,6.900000095367432,6.980000019073486,6.889999866485596,6.2220458984375,332786748.0
2018-09-03,6.900000095367432,6.980000019073486,6.900000095367432,6.2041401863098145,200980705.0
2018-09-04,6.880000114440918,7.0,6.849999904632568,6.239951133728027,167129784.0
2018-09-05,6.889999866485596,6.949999809265137,6.78000020980835,6.0788044929504395,299505789.0
2018-09-06,6.71999979019165,6.789999961853027,6.659999847412109,5.998231410980225,411671691.0
2018-09-07,6.659999847412109,6.739999771118164,6.579999923706055,5.971373558044434,624600049.0
2018-09-10,6.670000076293945,6.679999828338623,6.5,5.872895240783691,322805259.0
2018-09-11,6.539999961853027,6.599999904632568,6.460000038146973,5.792321681976318,248475405.0
2018-09-12,6.46999979019165,6.46999979019165,6.329999923706055,5.6848907470703125,404203155.0
2018-09-13,6.5,6.559999942779541,6.460000038146973,5.872895240783691,304902849.0
2018-09-14,6.630000114440918,6.639999866485596,6.570000171661377,5.91765832901001,279403690.0
2018-09-17,6.590000152587891,6.590000152587891,6.480000019073486,5.828132152557373,164047822.0
2018-09-18,6.489999771118164,6.579999923706055,6.440000057220459,5.854990005493164,273418550.0
2018-09-19,6.579999923706055,6.699999809265137,6.539999961853027,5.953468322753906,262237692.0
2018-09-20,6.670000076293945,6.75,6.630000114440918,5.989278793334961,243723273.0
2018-09-21,6.789999961853027,6.949999809265137,6.71999979019165,6.17728328704834,492157316.0
2018-09-24,6.800000190734863,6.840000152587891,6.760000228881836,6.069851875305176,231651754.0
2018-09-26,6.75,6.949999809265137,6.75,6.1325201988220215,379205683.0
2018-09-27,6.880000114440918,6.880000114440918,6.760000228881836,6.0788044929504395,292938990.0
2018-09-28,6.849999904632568,6.880000114440918,6.78000020980835,6.123567581176758,254396885.0
2018-10-02,6.78000020980835,6.860000133514404,6.599999904632568,5.926610469818115,363985598.0
2018-10-03,6.550000190734863,6.670000076293945,6.550000190734863,5.91765832901001,161124974.0
2018-10-04,6.539999961853027,6.550000190734863,6.400000095367432,5.774416446685791,392561887.0
2018-10-05,6.400000095367432,6.460000038146973,6.360000133514404,5.7117486000061035,323180308.0
2018-10-08,6.46999979019165,6.46999979019165,6.260000228881836,5.613270282745361,483444206.0
2018-10-09,6.25,6.340000152587891,6.21999979019165,5.640128135681152,291576527.0
2018-10-10,6.360000133514404,6.400000095367432,6.269999980926514,5.622222900390625,283549097.0
2018-10-11,6.050000190734863,6.150000095367432,6.03000020980835,5.452123641967773,528695089.0
2018-10-12,6.119999885559082,6.239999771118164,6.099999904632568,5.559554576873779,342119496.0
2018-10-15,6.210000038146973,6.210000038146973,6.059999942779541,5.434218406677246,208054887.0
2018-10-16,6.070000171661377,6.179999828338623,6.039999961853027,5.452123641967773,249210314.0
2018-10-18,6.099999904632568,6.159999847412109,6.019999980926514,5.44317102432251,279034879.0
2018-10-19,6.039999961853027,6.28000020980835,6.03000020980835,5.550601959228516,331102241.0
2018-10-22,6.25,6.420000076293945,6.21999979019165,5.6848907470703125,415610369.0
2018-10-23,6.380000114440918,6.380000114440918,6.159999847412109,5.550601959228516,255621256.0
2018-10-24,6.210000038146973,6.349999904632568,6.130000114440918,5.568507194519043,434993771.0
2018-10-25,6.130000114440918,6.199999809265137,6.099999904632568,5.550601959228516,481997862.0
2018-10-26,6.21999979019165,6.239999771118164,6.119999885559082,5.523744583129883,227491168.0
2018-10-29,6.260000228881836,6.269999980926514,6.110000133514404,5.523744583129883,350583591.0
2018-10-30,6.170000076293945,6.289999961853027,6.099999904632568,5.550601959228516,353938950.0
2018-10-31,6.190000057220459,6.25,6.179999828338623,5.568507194519043,316685646.0
2018-11-01,6.28000020980835,6.349999904632568,6.269999980926514,5.649080276489258,333514948.0
2018-11-02,6.449999809265137,6.619999885559082,6.400000095367432,5.8907999992370605,609693475.0
2018-11-05,6.449999809265137,6.519999980926514,6.400000095367432,5.810226917266846,263220572.0
2018-11-06,6.5,6.559999942779541,6.46999979019165,5.854990005493164,235836931.0
2018-11-07,6.570000171661377,6.650000095367432,6.480000019073486,5.8460373878479,309823462.0
2018-11-08,6.650000095367432,6.650000095367432,6.579999923706055,5.899753093719482,258738244.0
2018-11-09,6.53000020980835,6.559999942779541,6.369999885559082,5.756511211395264,387414316.0
2018-11-12,6.389999866485596,6.46999979019165,6.369999885559082,5.74755859375,218510263.0
2018-11-13,6.230000019073486,6.440000057220459,6.230000019073486,5.7654643058776855,278332396.0
2018-11-14,6.5,6.5,6.349999904632568,5.74755859375,182146267.0
2018-11-15,6.480000019073486,6.5,6.380000114440918,5.819179534912109,194292044.0
2018-11-16,6.480000019073486,6.53000020980835,6.440000057220459,5.8460373878479,153748013.0
2018-11-19,6.559999942779541,6.599999904632568,6.480000019073486,5.872895240783691,161405079.0
2018-11-20,6.449999809265137,6.5,6.420000076293945,5.80127477645874,137708310.0
2018-11-21,6.389999866485596,6.5,6.360000133514404,5.819179534912109,195058739.0
2018-11-22,6.53000020980835,6.53000020980835,6.420000076293945,5.80127477645874,113144569.0
2018-11-23,6.440000057220459,6.489999771118164,6.409999847412109,5.80127477645874,125830549.0
2018-11-26,6.539999961853027,6.650000095367432,6.489999771118164,5.908705234527588,294966036.0
2018-11-27,6.619999885559082,6.639999866485596,6.550000190734863,5.91765832901001,223822100.0
2018-11-28,6.650000095367432,6.690000057220459,6.599999904632568,5.989278793334961,241744462.0
2018-11-29,6.760000228881836,6.78000020980835,6.599999904632568,5.944515705108643,238719319.0
2018-11-30,6.619999885559082,6.679999828338623,6.579999923706055,5.971373558044434,274977906.0
2018-12-03,6.849999904632568,6.880000114440918,6.800000190734863,6.1056623458862305,426799663.0
2018-12-04,6.800000190734863,6.820000171661377,6.75,6.087757110595703,331390610.0
2018-12-05,6.650000095367432,6.710000038146973,6.650000095367432,6.00718355178833,211891572.0
2018-12-06,6.510000228881836,6.559999942779541,6.429999828338623,5.837084770202637,318190434.0
2018-12-07,6.5,6.559999942779541,6.46999979019165,5.810226917266846,221004021.0
2018-12-10,6.400000095367432,6.420000076293945,6.329999923706055,5.720701217651367,213897708.0
2018-12-11,6.349999904632568,6.420000076293945,6.340000152587891,5.720701217651367,183258183.0
2018-12-12,6.449999809265137,6.550000190734863,6.449999809265137,5.8460373878479,253967898.0
2018-12-13,6.619999885559082,6.639999866485596,6.550000190734863,5.872895240783691,379342156.0
2018-12-14,6.460000038146973,6.489999771118164,6.429999828338623,5.7654643058776855,205041770.0
2018-12-17,6.429999828338623,6.489999771118164,6.429999828338623,5.774416446685791,147124332.0
2018-12-18,6.420000076293945,6.5,6.349999904632568,5.720701217651367,251515393.0
2018-12-19,6.360000133514404,6.420000076293945,6.360000133514404,5.720701217651367,194065468.0
2018-12-20,6.340000152587891,6.409999847412109,6.260000228881836,5.675938606262207,335093592.0
2018-12-21,6.28000020980835,6.360000133514404,6.230000019073486,5.693843364715576,379412134.0
2018-12-24,6.25,6.409999847412109,6.239999771118164,5.6848907470703125,202339786.0
2018-12-27,6.380000114440918,6.420000076293945,6.309999942779541,5.666985988616943,142253165.0
2018-12-28,6.400000095367432,6.420000076293945,6.349999904632568,5.693843364715576,149379679.0
2018-12-31,6.409999847412109,6.46999979019165,6.400000095367432,5.783369541168213,147363257.0
2019-01-02,6.429999828338623,6.440000057220459,6.239999771118164,5.613270282745361,293381498.0
2019-01-03,6.25,6.300000190734863,6.21999979019165,5.6311750411987305,192685652.0
2019-01-04,6.239999771118164,6.429999828338623,6.239999771118164,5.7386064529418945,232020850.0
2019-01-07,6.46999979019165,6.519999980926514,6.409999847412109,5.74755859375,179572604.0
2019-01-08,6.420000076293945,6.449999809265137,6.369999885559082,5.74755859375,235721807.0
2019-01-09,6.539999961853027,6.619999885559082,6.510000228881836,5.881847858428955,461347303.0
2019-01-10,6.519999980926514,6.579999923706055,6.46999979019165,5.881847858428955,265467818.0
2019-01-11,6.630000114440918,6.630000114440918,6.539999961853027,5.8907999992370605,341656632.0
2019-01-14,6.53000020980835,6.559999942779541,6.449999809265137,5.810226917266846,232528607.0
2019-01-15,6.550000190734863,6.610000133514404,6.510000228881836,5.908705234527588,279198206.0
2019-01-16,6.550000190734863,6.579999923706055,6.53000020980835,5.881847858428955,270154653.0
2019-01-17,6.539999961853027,6.610000133514404,6.489999771118164,5.872895240783691,275582013.0
2019-01-18,6.639999866485596,6.659999847412109,6.599999904632568,5.935563564300537,323388040.0
2019-01-21,6.630000114440918,6.690000057220459,6.619999885559082,5.989278793334961,251613616.0
2019-01-22,6.690000057220459,6.71999979019165,6.619999885559082,5.953468322753906,239593252.0
2019-01-23,6.659999847412109,6.699999809265137,6.610000133514404,5.971373558044434,253062505.0
2019-01-24,6.710000038146973,6.710000038146973,6.650000095367432,5.998231410980225,232631302.0
2019-01-25,6.75,6.829999923706055,6.710000038146973,6.1056623458862305,376942510.0
2019-01-28,6.869999885559082,6.920000076293945,6.849999904632568,6.1593780517578125,320075989.0
2019-01-29,6.829999923706055,6.920000076293945,6.820000171661377,6.195188522338867,337006393.0
2019-01-30,6.929999828338623,6.940000057220459,6.860000133514404,6.213093280792236,305143593.0
2019-01-31,6.980000019073486,7.050000190734863,6.949999809265137,6.275761604309082,389974114.0
2019-02-01,7.099999904632568,7.099999904632568,6.960000038146973,6.26680850982666,301218520.0
2019-02-04,7.050000190734863,7.059999942779541,6.929999828338623,6.2220458984375,147438236.0
2019-02-08,6.849999904632568,6.929999828338623,6.789999961853027,6.186235427856445,258113143.0
2019-02-11,6.949999809265137,6.96999979019165,6.860000133514404,6.2220458984375,252876146.0
2019-02-12,6.949999809265137,6.960000038146973,6.889999866485596,6.213093280792236,198399367.0
2019-02-13,6.929999828338623,7.0,6.909999847412109,6.257856369018555,270842468.0
2019-02-14,7.019999980926514,7.019999980926514,6.940000057220459,6.248903751373291,187661710.0
2019-02-15,6.920000076293945,6.940000057220459,6.800000190734863,6.087757110595703,320269880.0
2019-02-18,6.880000114440918,6.940000057220459,6.869999885559082,6.17728328704834,213817527.0
2019-02-19,6.940000057220459,6.940000057220459,6.840000152587891,6.1325201988220215,297865132.0
2019-02-20,6.940000057220459,7.0,6.849999904632568,6.168330192565918,353334410.0
2019-02-21,6.929999828338623,6.96999979019165,6.860000133514404,6.213093280792236,325039687.0
2019-02-22,6.889999866485596,6.940000057220459,6.849999904632568,6.213093280792236,337161291.0
2019-02-25,6.960000038146973,7.150000095367432,6.940000057220459,6.392145156860352,918999021.0
2019-02-26,7.139999866485596,7.170000076293945,7.079999923706055,6.347382068634033,604315569.0
2019-02-27,7.130000114440918,7.170000076293945,7.010000228881836,6.329476833343506,500811674.0
2019-02-28,7.070000171661377,7.079999923706055,6.940000057220459,6.248903751373291,385773078.0
2019-03-01,7.03000020980835,7.03000020980835,6.880000114440918,6.257856369018555,380832464.0
2019-03-04,7.0,7.159999847412109,6.989999771118164,6.3384294509887695,522991119.0
2019-03-05,7.070000171661377,7.159999847412109,7.0,6.374239921569824,415571799.0
2019-03-06,7.099999904632568,7.150000095367432,7.070000171661377,6.374239921569824,323658642.0
2019-03-07,7.150000095367432,7.150000095367432,7.059999942779541,6.3384294509887695,354557164.0
2019-03-08,6.96999979019165,7.010000228881836,6.889999866485596,6.168330192565918,495829903.0
2019-03-11,6.949999809265137,6.96999979019165,6.869999885559082,6.2220458984375,334631832.0
2019-03-12,7.0,7.090000152587891,6.980000019073486,6.3205246925354,345093071.0
2019-03-13,7.050000190734863,7.059999942779541,6.949999809265137,6.26680850982666,165906391.0
2019-03-14,7.0,7.010000228881836,6.929999828338623,6.239951133728027,214970007.0
2019-03-15,6.980000019073486,7.03000020980835,6.960000038146973,6.26680850982666,312006995.0
2019-03-18,7.03000020980835,7.050000190734863,6.96999979019165,6.311572074890137,358035848.0
2019-03-19,7.050000190734863,7.090000152587891,7.010000228881836,6.329476833343506,246850947.0
2019-03-20,7.010000228881836,7.050000190734863,6.989999771118164,6.2847137451171875,222202830.0
2019-03-21,7.039999961853027,7.039999961853027,6.949999809265137,6.2220458984375,250737112.0
2019-03-22,6.949999809265137,6.989999771118164,6.909999847412109,6.213093280792236,278601197.0
2019-03-25,6.809999942779541,6.869999885559082,6.800000190734863,6.096709728240967,306827609.0
2019-03-26,6.840000152587891,6.849999904632568,6.769999980926514,6.087757110595703,249566530.0
2019-03-27,6.800000190734863,6.869999885559082,6.789999961853027,6.141472816467285,232839451.0
2019-03-28,6.78000020980835,6.820000171661377,6.739999771118164,6.1056623458862305,344972245.0
2019-03-29,6.789999961853027,6.820000171661377,6.730000019073486,6.025088787078857,741359625.0
2019-04-01,6.800000190734863,6.900000095367432,6.800000190734863,6.17728328704834,607363877.0
2019-04-02,6.949999809265137,6.960000038146973,6.849999904632568,6.1593780517578125,314795098.0
2019-04-03,6.900000095367432,6.929999828338623,6.880000114440918,6.195188522338867,306455040.0
2019-04-04,6.960000038146973,6.989999771118164,6.929999828338623,6.230998516082764,327086221.0
2019-04-08,6.989999771118164,7.039999961853027,6.980000019073486,6.275761604309082,424871977.0
2019-04-09,6.96999979019165,7.0,6.96999979019165,6.257856369018555,235023731.0
2019-04-10,6.929999828338623,6.960000038146973,6.900000095367432,6.195188522338867,283491686.0
2019-04-11,6.889999866485596,6.909999847412109,6.849999904632568,6.150424957275391,328602523.0
2019-04-12,6.829999923706055,6.929999828338623,6.800000190734863,6.2041401863098145,257976108.0
2019-04-15,6.980000019073486,7.070000171661377,6.900000095367432,6.186235427856445,339887232.0
2019-04-16,6.880000114440918,7.190000057220459,6.869999885559082,6.427955150604248,802460583.0
2019-04-17,7.199999809265137,7.210000038146973,7.150000095367432,6.410049915313721,466529370.0
2019-04-18,7.139999866485596,7.159999847412109,7.03000020980835,6.3205246925354,412431725.0
2019-04-23,6.960000038146973,7.010000228881836,6.960000038146973,6.275761604309082,275959132.0
2019-04-24,7.010000228881836,7.03000020980835,6.909999847412109,6.230998516082764,289525467.0
2019-04-25,6.900000095367432,6.940000057220459,6.889999866485596,6.186235427856445,312400812.0
2019-04-26,6.900000095367432,6.949999809265137,6.900000095367432,6.186235427856445,246868462.0
2019-04-29,6.909999847412109,6.989999771118164,6.880000114440918,6.257856369018555,228137877.0
2019-04-30,6.960000038146973,7.0,6.920000076293945,6.2041401863098145,174526577.0
2019-05-02,6.900000095367432,6.980000019073486,6.900000095367432,6.230998516082764,220047158.0
2019-05-03,6.940000057220459,6.989999771118164,6.900000095367432,6.257856369018555,148559288.0
2019-05-06,6.849999904632568,6.869999885559082,6.730000019073486,6.1056623458862305,501589270.0
2019-05-07,6.809999942779541,6.840000152587891,6.739999771118164,6.069851875305176,380523372.0
2019-05-08,6.670000076293945,6.690000057220459,6.639999866485596,5.953468322753906,436916141.0
2019-05-09,6.599999904632568,6.610000133514404,6.440000057220459,5.7654643058776855,556495943.0
2019-05-10,6.46999979019165,6.570000171661377,6.409999847412109,5.792321681976318,378670066.0
2019-05-14,6.269999980926514,6.349999904632568,6.269999980926514,5.666985988616943,765535544.0
2019-05-15,6.300000190734863,6.369999885559082,6.300000190734863,5.640128135681152,604059209.0
2019-05-16,6.269999980926514,6.369999885559082,6.260000228881836,5.666985988616943,651240675.0
2019-05-17,6.349999904632568,6.360000133514404,6.260000228881836,5.6311750411987305,397551009.0
2019-05-20,6.320000171661377,6.340000152587891,6.260000228881836,5.6311750411987305,345356633.0
2019-05-21,6.260000228881836,6.380000114440918,6.260000228881836,5.649080276489258,486834190.0
2019-05-22,6.289999961853027,6.360000133514404,6.28000020980835,5.6311750411987305,349394970.0
2019-05-23,6.260000228881836,6.320000171661377,6.199999809265137,5.577459812164307,442085596.0
2019-05-24,6.199999809265137,6.289999961853027,6.199999809265137,5.595365047454834,297206049.0
2019-05-27,6.199999809265137,6.230000019073486,6.179999828338623,5.559554576873779,260157623.0
2019-05-28,6.210000038146973,6.260000228881836,6.170000076293945,5.54164981842041,550689935.0
2019-05-29,6.150000095367432,6.199999809265137,6.150000095367432,5.5058393478393555,423864570.0
2019-05-30,6.130000114440918,6.239999771118164,6.130000114440918,5.550601959228516,410578212.0
2019-05-31,6.190000057220459,6.269999980926514,6.179999828338623,5.550601959228516,346850117.0
2019-06-03,6.170000076293945,6.210000038146973,6.159999847412109,5.532696723937988,344713049.0
2019-06-04,6.179999828338623,6.190000057220459,6.110000133514404,5.496886253356934,361939035.0
2019-06-05,6.179999828338623,6.210000038146973,6.130000114440918,5.5058393478393555,355191880.0
2019-06-06,6.139999866485596,6.190000057220459,6.130000114440918,5.532696723937988,288640537.0
2019-06-10,6.179999828338623,6.340000152587891,6.170000076293945,5.649080276489258,589300411.0
2019-06-11,6.320000171661377,6.420000076293945,6.300000190734863,5.720701217651367,420149580.0
2019-06-12,6.340000152587891,6.360000133514404,6.300000190734863,5.649080276489258,443296865.0
2019-06-13,6.25,6.329999923706055,6.210000038146973,5.65803337097168,347828872.0
2019-06-14,6.28000020980835,6.380000114440918,6.28000020980835,5.666985988616943,476985803.0
2019-06-17,6.329999923706055,6.409999847412109,6.329999923706055,5.6848907470703125,276962333.0
2019-06-18,6.320000171661377,6.440000057220459,6.320000171661377,5.74755859375,367057137.0
2019-06-19,6.590000152587891,6.590000152587891,6.510000228881836,5.854990005493164,398020633.0
2019-06-20,6.570000171661377,6.619999885559082,6.539999961853027,5.908705234527588,277009880.0
2019-06-21,6.599999904632568,6.619999885559082,6.550000190734863,5.881847858428955,408410779.0
2019-06-24,6.570000171661377,6.619999885559082,6.559999942779541,5.899753093719482,232402712.0
2019-06-25,6.559999942779541,6.619999885559082,6.489999771118164,5.828132152557373,421625317.0
2019-06-26,6.46999979019165,6.590000152587891,6.46999979019165,5.881847858428955,336702641.0
2019-06-27,6.590000152587891,6.699999809265137,6.579999923706055,5.980326175689697,449929117.0
2019-06-28,6.690000057220459,6.739999771118164,6.659999847412109,6.025088787078857,454770107.0
2019-07-02,6.400000095367432,6.460000038146973,6.380000114440918,6.03356409072876,406419765.0
2019-07-03,6.340000152587891,6.360000133514404,6.28000020980835,5.958026885986328,271229878.0
2019-07-04,6.289999961853027,6.329999923706055,6.289999961853027,5.94858455657959,179679265.0
2019-07-05,6.300000190734863,6.320000171661377,6.25,5.920258045196533,165104762.0
2019-07-08,6.199999809265137,6.21999979019165,6.170000076293945,5.844720363616943,275650046.0
2019-07-09,6.170000076293945,6.210000038146973,6.139999866485596,5.79750919342041,248225739.0
2019-07-10,6.170000076293945,6.190000057220459,6.119999885559082,5.79750919342041,175812386.0
2019-07-11,6.150000095367432,6.239999771118164,6.150000095367432,5.86360502243042,182001897.0
2019-07-12,6.239999771118164,6.320000171661377,6.21999979019165,5.901373386383057,312359871.0
2019-07-15,6.199999809265137,6.289999961853027,6.179999828338623,5.920258045196533,193879351.0
2019-07-16,6.269999980926514,6.28000020980835,6.210000038146973,5.901373386383057,151414012.0
2019-07-17,6.199999809265137,6.230000019073486,6.179999828338623,5.873046875,140215687.0
2019-07-18,6.179999828338623,6.21999979019165,6.179999828338623,5.844720363616943,170930337.0
2019-07-19,6.239999771118164,6.28000020980835,6.21999979019165,5.901373386383057,275252966.0
2019-07-22,6.230000019073486,6.260000228881836,6.159999847412109,5.816393852233887,223978342.0
2019-07-23,6.179999828338623,6.210000038146973,6.159999847412109,5.835278034210205,187697860.0
2019-07-24,6.199999809265137,6.260000228881836,6.170000076293945,5.825836181640625,182166331.0
2019-07-25,6.159999847412109,6.21999979019165,6.159999847412109,5.844720363616943,148943696.0
2019-07-26,6.139999866485596,6.21999979019165,6.139999866485596,5.854162216186523,257912174.0
2019-07-29,6.199999809265137,6.199999809265137,6.119999885559082,5.78806734085083,312966643.0
2019-07-30,6.110000133514404,6.199999809265137,6.110000133514404,5.806951522827148,289806742.0
2019-07-31,6.110000133514404,6.130000114440918,6.050000190734863,5.731414318084717,314793627.0
2019-08-01,6.010000228881836,6.070000171661377,6.010000228881836,5.703087329864502,385456795.0
2019-08-02,5.929999828338623,5.949999809265137,5.909999847412109,5.5992231369018555,446839720.0
2019-08-05,5.849999904632568,5.869999885559082,5.769999980926514,5.457590579986572,432617840.0
2019-08-06,5.630000114440918,5.730000019073486,5.630000114440918,5.3914947509765625,635815601.0
2019-08-07,5.710000038146973,5.71999979019165,5.659999847412109,5.3914947509765625,343895928.0
2019-08-08,5.670000076293945,5.75,5.670000076293945,5.3914947509765625,398280893.0
2019-08-09,5.75,5.769999980926514,5.699999809265137,5.382052421569824,297610378.0
2019-08-12,5.699999809265137,5.769999980926514,5.699999809265137,5.410379409790039,321295982.0
2019-08-13,5.690000057220459,5.710000038146973,5.630000114440918,5.325399398803711,379475943.0
2019-08-14,5.699999809265137,5.710000038146973,5.639999866485596,5.325399398803711,344386357.0
2019-08-15,5.550000190734863,5.75,5.550000190734863,5.3914947509765625,483688075.0
2019-08-16,5.699999809265137,5.769999980926514,5.690000057220459,5.410379409790039,332232354.0
2019-08-19,5.730000019073486,5.820000171661377,5.730000019073486,5.448148250579834,432427842.0
2019-08-20,5.730000019073486,5.75,5.710000038146973,5.410379409790039,315353740.0
2019-08-21,5.710000038146973,5.809999942779541,5.710000038146973,5.448148250579834,321457019.0
2019-08-22,5.730000019073486,5.800000190734863,5.730000019073486,5.457590579986572,392736552.0
2019-08-23,5.760000228881836,5.809999942779541,5.75,5.467032432556152,302151677.0
2019-08-26,5.650000095367432,5.769999980926514,5.619999885559082,5.429263591766357,537994977.0
2019-08-27,5.789999961853027,5.820000171661377,5.730000019073486,5.457590579986572,491896056.0
2019-08-28,5.78000020980835,5.829999923706055,5.78000020980835,5.476474761962891,263561280.0
2019-08-29,5.769999980926514,5.78000020980835,5.71999979019165,5.448148250579834,371953908.0
2019-08-30,5.800000190734863,5.860000133514404,5.789999961853027,5.495359420776367,314164154.0
2019-09-02,5.75,5.829999923706055,5.75,5.485916614532471,277623083.0
2019-09-03,5.75,5.809999942779541,5.730000019073486,5.419821262359619,314687996.0
2019-09-04,5.789999961853027,5.940000057220459,5.769999980926514,5.5614542961120605,590687220.0
2019-09-05,5.909999847412109,6.019999980926514,5.909999847412109,5.655876159667969,441159302.0
2019-09-06,6.050000190734863,6.059999942779541,6.0,5.693645477294922,435614991.0
2019-09-09,6.03000020980835,6.079999923706055,6.019999980926514,5.693645477294922,332248517.0
2019-09-10,6.070000171661377,6.090000152587891,6.03000020980835,5.693645477294922,286671131.0
2019-09-11,6.070000171661377,6.199999809265137,6.059999942779541,5.854162216186523,333980356.0
2019-09-12,6.28000020980835,6.28000020980835,6.159999847412109,5.825836181640625,242595725.0
2019-09-13,6.170000076293945,6.239999771118164,6.170000076293945,5.891931056976318,181030805.0
2019-09-16,6.159999847412109,6.179999828338623,6.090000152587891,5.778625011444092,553936257.0
2019-09-17,6.090000152587891,6.099999904632568,6.0,5.684203147888184,505668090.0
2019-09-18,6.03000020980835,6.059999942779541,5.980000019073486,5.665318489074707,394211824.0
2019-09-19,6.019999980926514,6.019999980926514,5.949999809265137,5.627549648284912,359809688.0
2019-09-20,5.960000038146973,6.0,5.960000038146973,5.63699197769165,484289890.0
2019-09-23,5.949999809265137,6.0,5.940000057220459,5.627549648284912,337917798.0
2019-09-24,5.960000038146973,5.980000019073486,5.940000057220459,5.608665466308594,637162491.0
2019-09-25,5.940000057220459,5.960000038146973,5.880000114440918,5.570896625518799,550032100.0
2019-09-26,5.920000076293945,5.980000019073486,5.889999866485596,5.627549648284912,595256300.0
2019-09-27,5.929999828338623,5.940000057220459,5.880000114440918,5.589781284332275,128083500.0
2019-09-30,5.900000095367432,6.0,5.880000114440918,5.646434307098389,251694200.0
2019-10-02,5.949999809265137,6.0,5.900000095367432,5.646434307098389,204517500.0
2019-10-03,5.920000076293945,6.039999961853027,5.900000095367432,5.655876159667969,173114900.0
2019-10-04,5.980000019073486,6.019999980926514,5.880000114440918,5.589781284332275,177887800.0
2019-10-08,5.880000114440918,6.010000228881836,5.860000133514404,5.618107318878174,425590700.0
2019-10-09,5.909999847412109,6.010000228881836,5.880000114440918,5.627549648284912,471515200.0
2019-10-10,5.96999979019165,6.039999961853027,5.920000076293945,5.665318489074707,310772400.0
2019-10-11,6.050000190734863,6.159999847412109,6.050000190734863,5.78806734085083,364855800.0
2019-10-14,6.110000133514404,6.25,6.110000133514404,5.873046875,649977600.0
2019-10-15,6.25,6.269999980926514,6.210000038146973,5.910816192626953,524816800.0
2019-10-16,6.260000228881836,6.300000190734863,6.239999771118164,5.9297003746032715,441498700.0
2019-10-17,6.300000190734863,6.320000171661377,6.269999980926514,5.958026885986328,380657100.0
2019-10-18,6.320000171661377,6.349999904632568,6.21999979019165,5.910816192626953,468664500.0
2019-10-21,6.21999979019165,6.289999961853027,6.210000038146973,5.920258045196533,252809300.0
2019-10-22,6.300000190734863,6.320000171661377,6.28000020980835,5.94858455657959,285108100.0
2019-10-23,6.28000020980835,6.320000171661377,6.260000228881836,5.939142227172852,314371700.0
2019-10-24,6.300000190734863,6.380000114440918,6.28000020980835,5.995795249938965,330381600.0
2019-10-25,6.380000114440918,6.380000114440918,6.289999961853027,5.939142227172852,245408900.0
2019-10-28,6.320000171661377,6.380000114440918,6.300000190734863,5.958026885986328,292901500.0
2019-10-29,6.340000152587891,6.369999885559082,6.289999961853027,5.958026885986328,283427000.0
2019-10-30,6.309999942779541,6.309999942779541,6.190000057220459,5.882489204406738,326818800.0
2019-10-31,6.239999771118164,6.320000171661377,6.21999979019165,5.958026885986328,355281200.0
2019-11-01,6.269999980926514,6.369999885559082,6.269999980926514,6.005238056182861,284320900.0
2019-11-04,6.360000133514404,6.480000019073486,6.360000133514404,6.118544101715088,347007000.0
2019-11-05,6.449999809265137,6.5,6.440000057220459,6.137428283691406,342048500.0
2019-11-06,6.480000019073486,6.5,6.440000057220459,6.090217113494873,258029200.0
2019-11-07,6.489999771118164,6.559999942779541,6.429999828338623,6.194081783294678,301639500.0
2019-11-08,6.539999961853027,6.550000190734863,6.460000038146973,6.10910177230835,342395400.0
2019-11-11,6.429999828338623,6.429999828338623,6.239999771118164,5.920258045196533,374142900.0
2019-11-12,6.28000020980835,6.340000152587891,6.269999980926514,5.958026885986328,269707800.0
2019-11-13,6.21999979019165,6.269999980926514,6.190000057220459,5.86360502243042,424970100.0
2019-11-14,6.170000076293945,6.239999771118164,6.159999847412109,5.835278034210205,391245800.0
2019-11-15,6.25,6.269999980926514,6.199999809265137,5.86360502243042,352552700.0
2019-11-18,6.25,6.309999942779541,6.210000038146973,5.958026885986328,377764300.0
2019-11-19,6.329999923706055,6.420000076293945,6.289999961853027,6.061891078948975,288730900.0
2019-11-20,6.349999904632568,6.409999847412109,6.309999942779541,6.043006420135498,309949100.0
2019-11-21,6.340000152587891,6.340000152587891,6.25,5.920258045196533,331650900.0
2019-11-22,6.300000190734863,6.349999904632568,6.300000190734863,5.9769110679626465,153409500.0
2019-11-25,6.360000133514404,6.440000057220459,6.349999904632568,6.043006420135498,229281700.0
2019-11-26,6.409999847412109,6.449999809265137,6.400000095367432,6.043006420135498,460639000.0
2019-11-27,6.400000095367432,6.429999828338623,6.360000133514404,6.061891078948975,174360600.0
2019-11-28,6.360000133514404,6.420000076293945,6.360000133514404,6.043006420135498,167710300.0
2019-11-29,6.369999885559082,6.369999885559082,6.21999979019165,5.882489204406738,418300400.0
2019-12-02,6.199999809265137,6.260000228881836,6.199999809265137,5.882489204406738,316756100.0
2019-12-03,6.199999809265137,6.239999771118164,6.139999866485596,5.854162216186523,568427500.0
2019-12-04,6.179999828338623,6.190000057220459,6.119999885559082,5.825836181640625,339244700.0
2019-12-05,6.190000057220459,6.21999979019165,6.170000076293945,5.854162216186523,304727600.0
2019-12-06,6.210000038146973,6.300000190734863,6.210000038146973,5.939142227172852,264593100.0
2019-12-09,6.269999980926514,6.320000171661377,6.239999771118164,5.94858455657959,235185400.0
2019-12-10,6.269999980926514,6.329999923706055,6.25,5.958026885986328,160479100.0
2019-12-11,6.269999980926514,6.380000114440918,6.239999771118164,6.014679908752441,234523800.0
2019-12-12,6.420000076293945,6.449999809265137,6.389999866485596,6.043006420135498,273936200.0
2019-12-13,6.5,6.510000228881836,6.440000057220459,6.146871089935303,431149100.0
2019-12-16,6.449999809265137,6.510000228881836,6.429999828338623,6.0996599197387695,299393500.0
2019-12-17,6.46999979019165,6.590000152587891,6.460000038146973,6.222408294677734,411904300.0
2019-12-18,6.599999904632568,6.630000114440918,6.590000152587891,6.260177135467529,386392600.0
2019-12-19,6.639999866485596,6.650000095367432,6.610000133514404,6.269618988037109,269510700.0
2019-12-20,6.619999885559082,6.679999828338623,6.610000133514404,6.250734806060791,259943500.0
2019-12-23,6.659999847412109,6.679999828338623,6.630000114440918,6.307387828826904,266693800.0
2019-12-24,6.650000095367432,6.679999828338623,6.599999904632568,6.260177135467529,101621400.0
2019-12-27,6.670000076293945,6.760000228881836,6.659999847412109,6.382925987243652,304298900.0
2019-12-30,6.710000038146973,6.769999980926514,6.699999809265137,6.373483657836914,286893000.0
2019-12-31,6.730000019073486,6.760000228881836,6.710000038146973,6.3545989990234375,147238800.0
2020-01-02,6.730000019073486,6.829999923706055,6.730000019073486,6.420694828033447,239292500.0
